timestamp,value
15/06/2024 00:00,248
15/06/2024 00:05,242
15/06/2024 00:10,236
15/06/2024 00:15,232
15/06/2024 00:20,225
15/06/2024 00:25,224
15/06/2024 00:30,218
15/06/2024 00:35,215
15/06/2024 00:40,216
15/06/2024 00:45,213
15/06/2024 00:50,212
15/06/2024 00:55,213
15/06/2024 01:00,206
15/06/2024 01:05,202
15/06/2024 01:10,209
15/06/2024 01:15,205
15/06/2024 01:20,200
15/06/2024 01:25,202
15/06/2024 01:30,207
15/06/2024 01:35,206
15/06/2024 01:40,216
15/06/2024 01:45,208
15/06/2024 01:50,213
15/06/2024 01:55,211
15/06/2024 02:00,222
15/06/2024 02:05,221
15/06/2024 02:10,222
15/06/2024 02:15,228
15/06/2024 02:20,232
15/06/2024 02:25,233
15/06/2024 02:30,236
15/06/2024 02:35,240
15/06/2024 02:40,243
15/06/2024 02:45,249
15/06/2024 02:50,254
15/06/2024 02:55,257
15/06/2024 03:00,262
15/06/2024 03:05,266
15/06/2024 03:10,270
15/06/2024 03:15,274
15/06/2024 03:20,279
15/06/2024 03:25,284
15/06/2024 03:30,287
15/06/2024 03:35,294
15/06/2024 03:40,295
15/06/2024 03:45,298
15/06/2024 03:50,307
15/06/2024 03:55,311
15/06/2024 04:00,309
15/06/2024 04:05,313
15/06/2024 04:10,317
15/06/2024 04:15,323
15/06/2024 04:20,323
15/06/2024 04:25,333
15/06/2024 04:30,332
15/06/2024 04:35,329
15/06/2024 04:40,337
15/06/2024 04:45,333
15/06/2024 04:50,337
15/06/2024 04:55,341
15/06/2024 05:00,341
15/06/2024 05:05,344
15/06/2024 05:10,345
15/06/2024 05:15,338
15/06/2024 05:20,347
15/06/2024 05:25,335
15/06/2024 05:30,338
15/06/2024 05:35,334
15/06/2024 05:40,334
15/06/2024 05:45,330
15/06/2024 05:50,337
15/06/2024 05:55,336
15/06/2024 06:00,330
15/06/2024 06:05,328
15/06/2024 06:10,327
15/06/2024 06:15,323
15/06/2024 06:20,319
15/06/2024 06:25,318
15/06/2024 06:30,317
15/06/2024 06:35,311
15/06/2024 06:40,307
15/06/2024 06:45,302
15/06/2024 06:50,298
15/06/2024 06:55,299
15/06/2024 07:00,292
15/06/2024 07:05,289
15/06/2024 07:10,285
15/06/2024 07:15,282
15/06/2024 07:20,278
15/06/2024 07:25,275
15/06/2024 07:30,271
15/06/2024 07:35,267
15/06/2024 07:40,263
15/06/2024 07:45,260
15/06/2024 07:50,256
15/06/2024 07:55,253
15/06/2024 08:00,250
15/06/2024 08:05,247
15/06/2024 08:10,244
15/06/2024 08:15,240
15/06/2024 08:19,239
15/06/2024 08:24,236
15/06/2024 08:29,234
15/06/2024 08:34,230
15/06/2024 08:39,231
15/06/2024 08:44,227
15/06/2024 08:49,228
15/06/2024 08:54,228
15/06/2024 08:59,224
15/06/2024 09:04,221
15/06/2024 09:09,220
15/06/2024 09:14,223
15/06/2024 09:19,222
15/06/2024 09:24,222
15/06/2024 09:29,221
15/06/2024 09:34,223
15/06/2024 09:39,222
15/06/2024 09:44,226
15/06/2024 09:49,224
15/06/2024 09:54,227
15/06/2024 09:59,223
15/06/2024 10:04,225
15/06/2024 10:09,229
15/06/2024 10:14,233
15/06/2024 10:19,235
15/06/2024 10:24,237
15/06/2024 10:29,238
15/06/2024 10:34,239
15/06/2024 10:39,239
15/06/2024 10:44,243
15/06/2024 10:49,243
15/06/2024 10:54,246
15/06/2024 10:59,249
15/06/2024 11:04,250
15/06/2024 11:09,254
15/06/2024 11:14,256
15/06/2024 11:19,258
15/06/2024 11:24,260
15/06/2024 11:29,262
15/06/2024 11:34,265
15/06/2024 11:39,267
15/06/2024 11:44,268
15/06/2024 11:49,271
15/06/2024 11:54,272
15/06/2024 11:59,274
15/06/2024 12:04,276
15/06/2024 12:09,277
15/06/2024 12:14,278
15/06/2024 12:19,279
15/06/2024 12:24,281
15/06/2024 12:29,281
15/06/2024 12:34,282
15/06/2024 12:39,284
15/06/2024 12:44,284
15/06/2024 12:49,284
15/06/2024 12:54,284
15/06/2024 12:59,285
15/06/2024 13:04,284
15/06/2024 13:09,285
15/06/2024 13:14,285
15/06/2024 13:19,283
15/06/2024 13:24,284
15/06/2024 13:29,285
15/06/2024 13:34,284
15/06/2024 13:39,281
15/06/2024 13:44,282
15/06/2024 13:49,281
15/06/2024 13:54,279
15/06/2024 13:59,278
15/06/2024 14:04,278
15/06/2024 14:09,277
15/06/2024 14:14,275
15/06/2024 14:19,274
15/06/2024 14:24,273
15/06/2024 14:29,273
15/06/2024 14:34,272
15/06/2024 14:39,271
15/06/2024 14:44,270
15/06/2024 14:49,269
15/06/2024 14:54,268
15/06/2024 14:59,268
15/06/2024 15:04,267
15/06/2024 15:09,267
15/06/2024 15:14,266
15/06/2024 15:19,266
15/06/2024 15:24,266
15/06/2024 15:29,267
15/06/2024 15:34,267
15/06/2024 15:39,268
15/06/2024 15:44,268
15/06/2024 15:49,269
15/06/2024 15:54,270
15/06/2024 15:59,272
15/06/2024 16:04,274
15/06/2024 16:09,275
15/06/2024 16:14,277
15/06/2024 16:19,279
15/06/2024 16:24,281
15/06/2024 16:29,284
15/06/2024 16:34,288
15/06/2024 16:39,291
15/06/2024 16:44,293
15/06/2024 16:49,300
15/06/2024 16:54,302
15/06/2024 16:59,304
15/06/2024 17:04,312
15/06/2024 17:09,313
15/06/2024 17:14,316
15/06/2024 17:19,322
15/06/2024 17:24,323
15/06/2024 17:29,337
15/06/2024 17:34,338
15/06/2024 17:39,347
15/06/2024 17:44,352
15/06/2024 17:49,353
15/06/2024 17:54,367
15/06/2024 17:59,361
15/06/2024 18:04,367
15/06/2024 18:09,367
15/06/2024 18:14,391
15/06/2024 18:19,390
15/06/2024 18:24,398
15/06/2024 18:29,399
15/06/2024 18:34,403
15/06/2024 18:39,409
15/06/2024 18:44,417
15/06/2024 18:49,423
15/06/2024 18:54,435
15/06/2024 18:59,441
15/06/2024 19:04,445
15/06/2024 19:09,460
15/06/2024 19:14,433
15/06/2024 19:19,449
15/06/2024 19:24,454
15/06/2024 19:29,445
15/06/2024 19:34,485
15/06/2024 19:39,449
15/06/2024 19:44,453
15/06/2024 19:49,467
15/06/2024 19:54,469
15/06/2024 19:59,477
15/06/2024 20:04,471
15/06/2024 20:09,471
15/06/2024 20:14,452
15/06/2024 20:19,488
15/06/2024 20:24,485
15/06/2024 20:29,482
15/06/2024 20:34,462
15/06/2024 20:39,476
15/06/2024 20:44,478
15/06/2024 20:49,471
15/06/2024 20:54,491
15/06/2024 20:59,460
15/06/2024 21:04,456
15/06/2024 21:09,471
15/06/2024 21:14,454
15/06/2024 21:19,454
15/06/2024 21:24,442
15/06/2024 21:29,441
15/06/2024 21:34,446
15/06/2024 21:39,425
15/06/2024 21:44,427
15/06/2024 21:49,426
15/06/2024 21:54,425
15/06/2024 21:59,407
15/06/2024 22:04,386
15/06/2024 22:09,396
15/06/2024 22:14,381
15/06/2024 22:19,382
15/06/2024 22:24,367
15/06/2024 22:29,364
15/06/2024 22:34,358
15/06/2024 22:39,352
15/06/2024 22:44,341
15/06/2024 22:49,343
15/06/2024 22:54,330
15/06/2024 22:59,325
15/06/2024 23:04,315
15/06/2024 23:09,306
15/06/2024 23:14,300
15/06/2024 23:19,294
15/06/2024 23:24,287
15/06/2024 23:29,281
15/06/2024 23:34,274
15/06/2024 23:39,268
15/06/2024 23:44,262
15/06/2024 23:49,257
15/06/2024 23:54,251
15/06/2024 23:59,247
16/06/2024 00:04,242
16/06/2024 00:09,235
16/06/2024 00:14,229
16/06/2024 00:19,228
16/06/2024 00:24,224
16/06/2024 00:29,219
16/06/2024 00:34,219
16/06/2024 00:39,218
16/06/2024 00:44,215
16/06/2024 00:49,209
16/06/2024 00:54,211
16/06/2024 00:59,207
16/06/2024 01:04,201
16/06/2024 01:09,202
16/06/2024 01:14,205
16/06/2024 01:19,203
16/06/2024 01:24,203
16/06/2024 01:29,208
16/06/2024 01:34,214
16/06/2024 01:39,212
16/06/2024 01:44,213
16/06/2024 01:49,211
16/06/2024 01:54,216
16/06/2024 01:59,221
16/06/2024 02:04,219
16/06/2024 02:09,221
16/06/2024 02:14,227
16/06/2024 02:19,230
16/06/2024 02:24,231
16/06/2024 02:29,233
16/06/2024 02:34,242
16/06/2024 02:39,245
16/06/2024 02:44,249
16/06/2024 02:49,253
16/06/2024 02:54,257
16/06/2024 02:59,261
16/06/2024 03:04,266
16/06/2024 03:09,270
16/06/2024 03:14,274
16/06/2024 03:19,280
16/06/2024 03:24,284
16/06/2024 03:29,289
16/06/2024 03:34,292
16/06/2024 03:39,297
16/06/2024 03:44,301
16/06/2024 03:49,304
16/06/2024 03:54,302
16/06/2024 03:59,315
16/06/2024 04:04,316
16/06/2024 04:09,315
16/06/2024 04:14,321
16/06/2024 04:19,326
16/06/2024 04:24,324
16/06/2024 04:29,329
16/06/2024 04:34,332
16/06/2024 04:39,338
16/06/2024 04:44,339
16/06/2024 04:49,339
16/06/2024 04:54,337
16/06/2024 04:59,345
16/06/2024 05:04,339
16/06/2024 05:09,335
16/06/2024 05:14,338
16/06/2024 05:19,339
16/06/2024 05:24,343
16/06/2024 05:29,338
16/06/2024 05:34,335
16/06/2024 05:39,330
16/06/2024 05:44,335
16/06/2024 05:49,331
16/06/2024 05:54,330
16/06/2024 05:59,330
16/06/2024 06:04,328
16/06/2024 06:09,325
16/06/2024 06:14,321
16/06/2024 06:19,319
16/06/2024 06:24,314
16/06/2024 06:29,314
16/06/2024 06:34,309
16/06/2024 06:39,309
16/06/2024 06:44,305
16/06/2024 06:49,298
16/06/2024 06:54,297
16/06/2024 06:59,292
16/06/2024 07:04,291
16/06/2024 07:09,286
16/06/2024 07:14,281
16/06/2024 07:19,278
16/06/2024 07:24,274
16/06/2024 07:29,271
16/06/2024 07:34,267
16/06/2024 07:39,263
16/06/2024 07:44,260
16/06/2024 07:49,257
16/06/2024 07:54,253
16/06/2024 07:59,251
16/06/2024 08:04,246
16/06/2024 08:09,244
16/06/2024 08:14,239
16/06/2024 08:19,239
16/06/2024 08:24,235
16/06/2024 08:29,233
16/06/2024 08:34,232
16/06/2024 08:39,230
16/06/2024 08:44,231
16/06/2024 08:49,229
16/06/2024 08:54,226
16/06/2024 08:59,223
16/06/2024 09:04,223
16/06/2024 09:09,222
16/06/2024 09:14,217
16/06/2024 09:19,219
16/06/2024 09:24,226
16/06/2024 09:29,219
16/06/2024 09:34,228
16/06/2024 09:39,221
16/06/2024 09:44,223
16/06/2024 09:49,221
16/06/2024 09:54,226
16/06/2024 09:59,224
16/06/2024 10:04,228
16/06/2024 10:09,226
16/06/2024 10:14,229
16/06/2024 10:19,232
16/06/2024 10:24,236
16/06/2024 10:29,236
16/06/2024 10:34,237
16/06/2024 10:39,240
16/06/2024 10:44,242
16/06/2024 10:49,244
16/06/2024 10:54,247
16/06/2024 10:59,248
16/06/2024 11:04,251
16/06/2024 11:09,254
16/06/2024 11:14,256
16/06/2024 11:19,258
16/06/2024 11:24,260
16/06/2024 11:29,263
16/06/2024 11:34,264
16/06/2024 11:39,267
16/06/2024 11:44,268
16/06/2024 11:49,270
16/06/2024 11:54,272
16/06/2024 11:59,274
16/06/2024 12:04,275
16/06/2024 12:09,277
16/06/2024 12:14,279
16/06/2024 12:19,281
16/06/2024 12:24,279
16/06/2024 12:29,281
16/06/2024 12:34,283
16/06/2024 12:39,283
16/06/2024 12:44,284
16/06/2024 12:49,284
16/06/2024 12:54,284
16/06/2024 12:59,286
16/06/2024 13:04,284
16/06/2024 13:09,286
16/06/2024 13:14,284
16/06/2024 13:19,285
16/06/2024 13:24,286
16/06/2024 13:29,284
16/06/2024 13:34,282
16/06/2024 13:39,283
16/06/2024 13:44,282
16/06/2024 13:49,280
16/06/2024 13:54,280
16/06/2024 13:59,278
16/06/2024 14:04,277
16/06/2024 14:09,277
16/06/2024 14:14,276
16/06/2024 14:19,274
16/06/2024 14:24,273
16/06/2024 14:29,273
16/06/2024 14:34,272
16/06/2024 14:39,271
16/06/2024 14:44,270
16/06/2024 14:49,269
16/06/2024 14:54,268
16/06/2024 14:59,268
16/06/2024 15:04,267
16/06/2024 15:09,267
16/06/2024 15:14,266
16/06/2024 15:19,266
16/06/2024 15:24,266
16/06/2024 15:29,267
16/06/2024 15:34,267
16/06/2024 15:39,267
16/06/2024 15:44,268
16/06/2024 15:49,269
16/06/2024 15:54,270
16/06/2024 15:59,272
16/06/2024 16:04,273
16/06/2024 16:09,275
16/06/2024 16:14,278
16/06/2024 16:19,280
16/06/2024 16:24,282
16/06/2024 16:29,285
16/06/2024 16:34,288
16/06/2024 16:39,288
16/06/2024 16:44,293
16/06/2024 16:49,295
16/06/2024 16:54,304
16/06/2024 16:59,305
16/06/2024 17:04,309
16/06/2024 17:09,319
16/06/2024 17:14,319
16/06/2024 17:19,321
16/06/2024 17:24,329
16/06/2024 17:29,329
16/06/2024 17:34,336
16/06/2024 17:39,343
16/06/2024 17:44,346
16/06/2024 17:49,350
16/06/2024 17:54,355
16/06/2024 17:59,359
16/06/2024 18:04,375
16/06/2024 18:09,382
16/06/2024 18:14,373
16/06/2024 18:19,388
16/06/2024 18:24,388
16/06/2024 18:29,397
16/06/2024 18:34,410
16/06/2024 18:39,414
16/06/2024 18:44,408
16/06/2024 18:49,417
16/06/2024 18:54,416
16/06/2024 18:59,428
16/06/2024 19:04,451
16/06/2024 19:09,445
16/06/2024 19:14,437
16/06/2024 19:19,444
16/06/2024 19:24,445
16/06/2024 19:29,462
16/06/2024 19:34,460
16/06/2024 19:39,449
16/06/2024 19:44,461
16/06/2024 19:49,468
16/06/2024 19:54,459
16/06/2024 19:59,457
16/06/2024 20:04,477
16/06/2024 20:09,455
16/06/2024 20:14,478
16/06/2024 20:19,483
16/06/2024 20:24,480
16/06/2024 20:29,476
16/06/2024 20:34,452
16/06/2024 20:39,473
16/06/2024 20:44,480
16/06/2024 20:49,455
16/06/2024 20:54,463
16/06/2024 20:59,454
16/06/2024 21:04,449
16/06/2024 21:09,464
16/06/2024 21:14,452
16/06/2024 21:19,440
16/06/2024 21:24,436
16/06/2024 21:29,425
16/06/2024 21:34,427
16/06/2024 21:39,434
16/06/2024 21:44,426
16/06/2024 21:49,413
16/06/2024 21:54,413
16/06/2024 21:59,398
16/06/2024 22:04,404
16/06/2024 22:09,386
16/06/2024 22:14,393
16/06/2024 22:19,374
16/06/2024 22:24,361
16/06/2024 22:29,365
16/06/2024 22:34,360
16/06/2024 22:39,351
16/06/2024 22:44,346
16/06/2024 22:49,345
16/06/2024 22:54,334
16/06/2024 22:59,320
16/06/2024 23:04,313
16/06/2024 23:09,308
16/06/2024 23:14,300
16/06/2024 23:19,293
16/06/2024 23:24,288
16/06/2024 23:29,281
16/06/2024 23:34,274
16/06/2024 23:39,268
16/06/2024 23:44,262
16/06/2024 23:49,256
16/06/2024 23:54,251
16/06/2024 23:59,245
17/06/2024 00:04,240
17/06/2024 00:09,237
17/06/2024 00:14,233
17/06/2024 00:19,225
17/06/2024 00:24,223
17/06/2024 00:29,222
17/06/2024 00:34,217
17/06/2024 00:39,212
17/06/2024 00:44,211
17/06/2024 00:49,214
17/06/2024 00:54,212
17/06/2024 00:59,207
17/06/2024 01:04,207
17/06/2024 01:09,206
17/06/2024 01:14,204
17/06/2024 01:19,208
17/06/2024 01:24,208
17/06/2024 01:29,208
17/06/2024 01:34,206
17/06/2024 01:39,207
17/06/2024 01:44,209
17/06/2024 01:49,213
17/06/2024 01:54,212
17/06/2024 01:59,218
17/06/2024 02:04,220
17/06/2024 02:09,224
17/06/2024 02:14,225
17/06/2024 02:19,229
17/06/2024 02:24,235
17/06/2024 02:29,237
17/06/2024 02:34,240
17/06/2024 02:39,244
17/06/2024 02:44,247
17/06/2024 02:49,254
17/06/2024 02:54,256
17/06/2024 02:59,262
17/06/2024 03:04,266
17/06/2024 03:09,270
17/06/2024 03:14,275
17/06/2024 03:19,278
17/06/2024 03:24,283
17/06/2024 03:29,288
17/06/2024 03:34,293
17/06/2024 03:39,296
17/06/2024 03:44,298
17/06/2024 03:49,304
17/06/2024 03:54,306
17/06/2024 03:59,312
17/06/2024 04:04,314
17/06/2024 04:09,317
17/06/2024 04:14,317
17/06/2024 04:19,328
17/06/2024 04:24,330
17/06/2024 04:29,328
17/06/2024 04:34,331
17/06/2024 04:39,331
17/06/2024 04:44,333
17/06/2024 04:49,331
17/06/2024 04:54,331
17/06/2024 04:59,334
17/06/2024 05:04,344
17/06/2024 05:09,341
17/06/2024 05:14,339
17/06/2024 05:19,342
17/06/2024 05:24,343
17/06/2024 05:29,337
17/06/2024 05:34,338
17/06/2024 05:39,338
17/06/2024 05:44,335
17/06/2024 05:49,330
17/06/2024 05:54,326
17/06/2024 05:59,324
17/06/2024 06:04,333
17/06/2024 06:09,322
17/06/2024 06:14,323
17/06/2024 06:19,319
17/06/2024 06:24,311
17/06/2024 06:29,313
17/06/2024 06:34,309
17/06/2024 06:39,309
17/06/2024 06:44,304
17/06/2024 06:49,302
17/06/2024 06:54,297
17/06/2024 06:59,293
17/06/2024 07:04,290
17/06/2024 07:09,286
17/06/2024 07:14,282
17/06/2024 07:19,278
17/06/2024 07:24,274
17/06/2024 07:29,270
17/06/2024 07:34,267
17/06/2024 07:39,264
17/06/2024 07:44,260
17/06/2024 07:49,256
17/06/2024 07:54,253
17/06/2024 07:59,249
17/06/2024 08:04,245
17/06/2024 08:09,245
17/06/2024 08:14,243
17/06/2024 08:19,237
17/06/2024 08:24,235
17/06/2024 08:29,231
17/06/2024 08:34,232
17/06/2024 08:39,230
17/06/2024 08:44,230
17/06/2024 08:49,229
17/06/2024 08:54,225
17/06/2024 08:59,225
17/06/2024 09:04,223
17/06/2024 09:09,223
17/06/2024 09:14,219
17/06/2024 09:19,221
17/06/2024 09:24,221
17/06/2024 09:29,222
17/06/2024 09:34,217
17/06/2024 09:39,223
17/06/2024 09:44,225
17/06/2024 09:49,226
17/06/2024 09:54,227
17/06/2024 09:59,225
17/06/2024 10:04,227
17/06/2024 10:09,227
17/06/2024 10:14,232
17/06/2024 10:19,232
17/06/2024 10:24,234
17/06/2024 10:29,234
17/06/2024 10:34,240
17/06/2024 10:39,240
17/06/2024 10:44,242
17/06/2024 10:49,245
17/06/2024 10:54,247
17/06/2024 10:59,248
17/06/2024 11:04,251
17/06/2024 11:09,253
17/06/2024 11:14,256
17/06/2024 11:19,258
17/06/2024 11:24,261
17/06/2024 11:29,262
17/06/2024 11:34,265
17/06/2024 11:39,267
17/06/2024 11:44,269
17/06/2024 11:49,270
17/06/2024 11:54,273
17/06/2024 11:59,274
17/06/2024 12:04,275
17/06/2024 12:09,277
17/06/2024 12:14,280
17/06/2024 12:19,280
17/06/2024 12:24,282
17/06/2024 12:29,282
17/06/2024 12:34,283
17/06/2024 12:39,284
17/06/2024 12:44,284
17/06/2024 12:49,282
17/06/2024 12:54,285
17/06/2024 12:59,285
17/06/2024 13:04,284
17/06/2024 13:09,283
17/06/2024 13:14,286
17/06/2024 13:19,286
17/06/2024 13:24,283
17/06/2024 13:29,283
17/06/2024 13:34,282
17/06/2024 13:39,282
17/06/2024 13:44,281
17/06/2024 13:49,281
17/06/2024 13:54,280
17/06/2024 13:59,279
17/06/2024 14:04,278
17/06/2024 14:09,277
17/06/2024 14:14,276
17/06/2024 14:19,274
17/06/2024 14:24,274
17/06/2024 14:29,272
17/06/2024 14:34,272
17/06/2024 14:39,271
17/06/2024 14:44,270
17/06/2024 14:49,269
17/06/2024 14:54,268
17/06/2024 14:59,268
17/06/2024 15:04,267
17/06/2024 15:09,267
17/06/2024 15:14,266
17/06/2024 15:19,266
17/06/2024 15:24,266
17/06/2024 15:29,267
17/06/2024 15:34,267
17/06/2024 15:39,268
17/06/2024 15:44,268
17/06/2024 15:49,269
17/06/2024 15:54,270
17/06/2024 15:59,271
17/06/2024 16:04,274
17/06/2024 16:09,275
17/06/2024 16:14,277
17/06/2024 16:19,280
17/06/2024 16:24,281
17/06/2024 16:29,286
17/06/2024 16:34,287
17/06/2024 16:39,291
17/06/2024 16:44,295
17/06/2024 16:49,296
17/06/2024 16:54,301
17/06/2024 16:59,302
17/06/2024 17:04,305
17/06/2024 17:09,316
17/06/2024 17:14,318
17/06/2024 17:19,328
17/06/2024 17:24,327
17/06/2024 17:29,332
17/06/2024 17:34,334
17/06/2024 17:39,341
17/06/2024 17:44,350
17/06/2024 17:49,356
17/06/2024 17:54,351
17/06/2024 17:59,358
17/06/2024 18:04,371
17/06/2024 18:09,373
17/06/2024 18:14,370
17/06/2024 18:19,383
17/06/2024 18:24,390
17/06/2024 18:29,397
17/06/2024 18:34,405
17/06/2024 18:39,409
17/06/2024 18:44,421
17/06/2024 18:49,423
17/06/2024 18:54,418
17/06/2024 18:59,440
17/06/2024 19:04,434
17/06/2024 19:09,439
17/06/2024 19:14,454
17/06/2024 19:19,444
17/06/2024 19:24,449
17/06/2024 19:29,454
17/06/2024 19:34,451
17/06/2024 19:39,478
17/06/2024 19:44,480
17/06/2024 19:49,475
17/06/2024 19:54,456
17/06/2024 19:59,469
17/06/2024 20:04,457
17/06/2024 20:09,453
17/06/2024 20:14,473
17/06/2024 20:19,470
17/06/2024 20:24,458
17/06/2024 20:29,481
17/06/2024 20:34,474
17/06/2024 20:39,467
17/06/2024 20:44,470
17/06/2024 20:49,455
17/06/2024 20:54,461
17/06/2024 20:59,471
17/06/2024 21:04,461
17/06/2024 21:09,458
17/06/2024 21:14,430
17/06/2024 21:19,451
17/06/2024 21:24,448
17/06/2024 21:29,436
17/06/2024 21:34,430
17/06/2024 21:39,438
17/06/2024 21:44,415
17/06/2024 21:49,417
17/06/2024 21:54,407
17/06/2024 21:59,396
17/06/2024 22:04,396
17/06/2024 22:09,402
17/06/2024 22:14,391
17/06/2024 22:19,390
17/06/2024 22:24,368
17/06/2024 22:29,366
17/06/2024 22:34,360
17/06/2024 22:39,352
17/06/2024 22:44,341
17/06/2024 22:49,334
17/06/2024 22:54,332
17/06/2024 22:59,321
17/06/2024 23:04,314
17/06/2024 23:09,309
17/06/2024 23:14,304
17/06/2024 23:19,294
17/06/2024 23:24,287
17/06/2024 23:29,281
17/06/2024 23:34,274
17/06/2024 23:39,268
17/06/2024 23:44,262
17/06/2024 23:49,257
17/06/2024 23:54,252
17/06/2024 23:59,248
18/06/2024 00:04,241
18/06/2024 00:09,235
18/06/2024 00:14,234
18/06/2024 00:19,230
18/06/2024 00:24,226
18/06/2024 00:29,219
18/06/2024 00:34,219
18/06/2024 00:39,213
18/06/2024 00:44,212
18/06/2024 00:49,209
18/06/2024 00:54,204
18/06/2024 00:59,204
18/06/2024 01:04,203
18/06/2024 01:09,210
18/06/2024 01:14,205
18/06/2024 01:19,202
18/06/2024 01:24,210
18/06/2024 01:29,203
18/06/2024 01:34,211
18/06/2024 01:39,208
18/06/2024 01:44,206
18/06/2024 01:49,213
18/06/2024 01:54,215
18/06/2024 01:59,220
18/06/2024 02:04,225
18/06/2024 02:09,223
18/06/2024 02:14,228
18/06/2024 02:19,231
18/06/2024 02:24,234
18/06/2024 02:29,237
18/06/2024 02:34,241
18/06/2024 02:39,245
18/06/2024 02:44,248
18/06/2024 02:49,253
18/06/2024 02:54,257
18/06/2024 02:59,261
18/06/2024 03:04,266
18/06/2024 03:09,270
18/06/2024 03:14,275
18/06/2024 03:19,279
18/06/2024 03:24,282
18/06/2024 03:29,288
18/06/2024 03:34,295
18/06/2024 03:39,297
18/06/2024 03:44,300
18/06/2024 03:49,305
18/06/2024 03:54,307
18/06/2024 03:59,312
18/06/2024 04:04,318
18/06/2024 04:09,322
18/06/2024 04:14,325
18/06/2024 04:19,321
18/06/2024 04:24,328
18/06/2024 04:29,329
18/06/2024 04:34,330
18/06/2024 04:39,334
18/06/2024 04:44,338
18/06/2024 04:49,329
18/06/2024 04:54,340
18/06/2024 04:59,339
18/06/2024 05:04,347
18/06/2024 05:09,337
18/06/2024 05:14,342
18/06/2024 05:19,340
18/06/2024 05:24,337
18/06/2024 05:29,339
18/06/2024 05:34,340
18/06/2024 05:39,341
18/06/2024 05:44,334
18/06/2024 05:49,334
18/06/2024 05:54,333
18/06/2024 05:59,330
18/06/2024 06:04,329
18/06/2024 06:09,328
18/06/2024 06:14,324
18/06/2024 06:19,319
18/06/2024 06:24,316
18/06/2024 06:29,310
18/06/2024 06:34,309
18/06/2024 06:39,309
18/06/2024 06:44,300
18/06/2024 06:49,299
18/06/2024 06:54,295
18/06/2024 06:59,296
18/06/2024 07:04,290
18/06/2024 07:09,285
18/06/2024 07:14,282
18/06/2024 07:19,278
18/06/2024 07:24,274
18/06/2024 07:29,271
18/06/2024 07:34,267
18/06/2024 07:39,263
18/06/2024 07:44,260
18/06/2024 07:49,256
18/06/2024 07:54,254
18/06/2024 07:59,251
18/06/2024 08:04,246
18/06/2024 08:09,243
18/06/2024 08:14,243
18/06/2024 08:19,239
18/06/2024 08:24,235
18/06/2024 08:29,234
18/06/2024 08:34,231
18/06/2024 08:39,231
18/06/2024 08:44,226
18/06/2024 08:49,225
18/06/2024 08:54,226
18/06/2024 08:59,223
18/06/2024 09:04,224
18/06/2024 09:09,229
18/06/2024 09:14,223
18/06/2024 09:19,218
18/06/2024 09:24,223
18/06/2024 09:29,217
18/06/2024 09:34,222
18/06/2024 09:39,223
18/06/2024 09:44,221
18/06/2024 09:49,226
18/06/2024 09:54,229
18/06/2024 09:59,227
18/06/2024 10:04,228
18/06/2024 10:09,230
18/06/2024 10:14,232
18/06/2024 10:19,231
18/06/2024 10:24,234
18/06/2024 10:29,237
18/06/2024 10:34,240
18/06/2024 10:39,240
18/06/2024 10:44,241
18/06/2024 10:49,242
18/06/2024 10:54,248
18/06/2024 10:59,248
18/06/2024 11:04,252
18/06/2024 11:09,255
18/06/2024 11:14,256
18/06/2024 11:19,258
18/06/2024 11:24,260
18/06/2024 11:29,262
18/06/2024 11:34,265
18/06/2024 11:39,267
18/06/2024 11:44,268
18/06/2024 11:49,270
18/06/2024 11:54,272
18/06/2024 11:59,274
18/06/2024 12:04,275
18/06/2024 12:09,277
18/06/2024 12:14,279
18/06/2024 12:19,279
18/06/2024 12:24,282
18/06/2024 12:29,282
18/06/2024 12:34,282
18/06/2024 12:39,283
18/06/2024 12:44,284
18/06/2024 12:49,283
18/06/2024 12:54,286
18/06/2024 12:59,286
18/06/2024 13:04,285
18/06/2024 13:09,285
18/06/2024 13:14,286
18/06/2024 13:19,284
18/06/2024 13:24,284
18/06/2024 13:29,283
18/06/2024 13:34,284
18/06/2024 13:39,282
18/06/2024 13:44,281
18/06/2024 13:49,280
18/06/2024 13:54,279
18/06/2024 13:59,279
18/06/2024 14:04,279
18/06/2024 14:09,277
18/06/2024 14:14,276
18/06/2024 14:19,274
18/06/2024 14:24,274
18/06/2024 14:29,272
18/06/2024 14:34,271
18/06/2024 14:39,270
18/06/2024 14:44,270
18/06/2024 14:49,269
18/06/2024 14:54,268
18/06/2024 14:59,268
18/06/2024 15:04,267
18/06/2024 15:09,267
18/06/2024 15:14,266
18/06/2024 15:19,266
18/06/2024 15:24,266
18/06/2024 15:29,267
18/06/2024 15:34,267
18/06/2024 15:39,268
18/06/2024 15:44,268
18/06/2024 15:49,269
18/06/2024 15:54,270
18/06/2024 15:59,272
18/06/2024 16:04,273
18/06/2024 16:09,275
18/06/2024 16:14,277
18/06/2024 16:19,280
18/06/2024 16:24,282
18/06/2024 16:29,284
18/06/2024 16:34,289
18/06/2024 16:39,291
18/06/2024 16:44,294
18/06/2024 16:49,298
18/06/2024 16:54,302
18/06/2024 16:59,303
18/06/2024 17:04,309
18/06/2024 17:09,313
18/06/2024 17:14,320
18/06/2024 17:19,319
18/06/2024 17:24,331
18/06/2024 17:29,333
18/06/2024 17:34,346
18/06/2024 17:39,349
18/06/2024 17:44,350
18/06/2024 17:49,351
18/06/2024 17:54,359
18/06/2024 17:59,357
18/06/2024 18:04,372
18/06/2024 18:09,367
18/06/2024 18:14,375
18/06/2024 18:19,386
18/06/2024 18:24,398
18/06/2024 18:29,404
18/06/2024 18:34,402
18/06/2024 18:39,400
18/06/2024 18:44,420
18/06/2024 18:49,422
18/06/2024 18:54,423
18/06/2024 18:59,396
18/06/2024 19:04,428
18/06/2024 19:09,449
18/06/2024 19:14,446
18/06/2024 19:19,446
18/06/2024 19:24,444
18/06/2024 19:29,444
18/06/2024 19:34,461
18/06/2024 19:39,466
18/06/2024 19:44,442
18/06/2024 19:49,468
18/06/2024 19:54,465
18/06/2024 19:59,462
18/06/2024 20:04,471
18/06/2024 20:09,462
18/06/2024 20:14,500
18/06/2024 20:19,460
18/06/2024 20:24,463
18/06/2024 20:29,478
18/06/2024 20:34,484
18/06/2024 20:39,486
18/06/2024 20:44,471
18/06/2024 20:49,479
18/06/2024 20:54,459
18/06/2024 20:59,466
18/06/2024 21:04,474
18/06/2024 21:09,440
18/06/2024 21:14,454
18/06/2024 21:19,454
18/06/2024 21:24,433
18/06/2024 21:29,448
18/06/2024 21:34,430
18/06/2024 21:39,435
18/06/2024 21:44,420
18/06/2024 21:49,420
18/06/2024 21:54,410
18/06/2024 21:59,401
18/06/2024 22:04,394
18/06/2024 22:09,400
18/06/2024 22:14,393
18/06/2024 22:19,379
18/06/2024 22:24,371
18/06/2024 22:29,361
18/06/2024 22:34,354
18/06/2024 22:39,353
18/06/2024 22:44,348
18/06/2024 22:49,339
18/06/2024 22:54,335
18/06/2024 22:59,321
18/06/2024 23:04,314
18/06/2024 23:09,309
18/06/2024 23:14,299
18/06/2024 23:19,294
18/06/2024 23:24,289
18/06/2024 23:29,280
18/06/2024 23:34,275
18/06/2024 23:39,268
18/06/2024 23:44,263
18/06/2024 23:49,257
18/06/2024 23:54,250
18/06/2024 23:59,245
19/06/2024 00:04,241
19/06/2024 00:09,234
19/06/2024 00:14,231
19/06/2024 00:19,227
19/06/2024 00:24,228
19/06/2024 00:29,216
19/06/2024 00:34,220
19/06/2024 00:39,212
19/06/2024 00:44,212
19/06/2024 00:49,213
19/06/2024 00:54,209
19/06/2024 00:59,208
19/06/2024 01:04,209
19/06/2024 01:09,208
19/06/2024 01:14,207
19/06/2024 01:19,206
19/06/2024 01:24,204
19/06/2024 01:29,206
19/06/2024 01:34,209
19/06/2024 01:39,211
19/06/2024 01:44,215
19/06/2024 01:49,214
19/06/2024 01:54,220
19/06/2024 01:59,219
19/06/2024 02:04,221
19/06/2024 02:09,223
19/06/2024 02:14,229
19/06/2024 02:19,227
19/06/2024 02:24,230
19/06/2024 02:29,239
19/06/2024 02:34,239
19/06/2024 02:39,245
19/06/2024 02:44,250
19/06/2024 02:49,253
19/06/2024 02:54,258
19/06/2024 02:59,262
19/06/2024 03:04,266
19/06/2024 03:09,270
19/06/2024 03:14,275
19/06/2024 03:19,279
19/06/2024 03:24,284
19/06/2024 03:29,288
19/06/2024 03:34,293
19/06/2024 03:39,295
19/06/2024 03:44,300
19/06/2024 03:49,307
19/06/2024 03:54,308
19/06/2024 03:59,308
19/06/2024 04:04,318
19/06/2024 04:09,319
19/06/2024 04:14,324
19/06/2024 04:19,328
19/06/2024 04:24,332
19/06/2024 04:29,334
19/06/2024 04:34,328
19/06/2024 04:39,332
19/06/2024 04:44,339
19/06/2024 04:49,331
19/06/2024 04:54,338
19/06/2024 04:59,340
19/06/2024 05:04,339
19/06/2024 05:09,341
19/06/2024 05:14,344
19/06/2024 05:19,347
19/06/2024 05:24,337
19/06/2024 05:29,337
19/06/2024 05:34,344
19/06/2024 05:39,344
19/06/2024 05:44,339
19/06/2024 05:49,330
19/06/2024 05:54,329
19/06/2024 05:59,332
19/06/2024 06:04,329
19/06/2024 06:09,325
19/06/2024 06:14,320
19/06/2024 06:19,315
19/06/2024 06:24,317
19/06/2024 06:29,313
19/06/2024 06:34,312
19/06/2024 06:39,308
19/06/2024 06:44,303
19/06/2024 06:49,299
19/06/2024 06:54,297
19/06/2024 06:59,291
19/06/2024 07:04,289
19/06/2024 07:09,286
19/06/2024 07:14,283
19/06/2024 07:19,279
19/06/2024 07:24,274
19/06/2024 07:29,271
19/06/2024 07:34,267
19/06/2024 07:39,263
19/06/2024 07:44,260
19/06/2024 07:49,257
19/06/2024 07:54,254
19/06/2024 07:59,249
19/06/2024 08:04,247
19/06/2024 08:09,244
19/06/2024 08:14,243
19/06/2024 08:19,241
19/06/2024 08:24,236
19/06/2024 08:29,232
19/06/2024 08:34,233
19/06/2024 08:39,228
19/06/2024 08:44,227
19/06/2024 08:49,222
19/06/2024 08:54,223
19/06/2024 08:59,224
19/06/2024 09:04,221
19/06/2024 09:09,223
19/06/2024 09:14,223
19/06/2024 09:19,222
19/06/2024 09:24,221
19/06/2024 09:29,224
19/06/2024 09:34,223
19/06/2024 09:39,223
19/06/2024 09:44,222
19/06/2024 09:49,228
19/06/2024 09:54,225
19/06/2024 09:59,224
19/06/2024 10:04,227
19/06/2024 10:09,226
19/06/2024 10:14,229
19/06/2024 10:19,231
19/06/2024 10:24,234
19/06/2024 10:29,235
19/06/2024 10:34,238
19/06/2024 10:39,241
19/06/2024 10:44,242
19/06/2024 10:49,246
19/06/2024 10:54,248
19/06/2024 10:59,248
19/06/2024 11:04,250
19/06/2024 11:09,254
19/06/2024 11:14,256
19/06/2024 11:19,258
19/06/2024 11:24,261
19/06/2024 11:29,263
19/06/2024 11:34,265
19/06/2024 11:39,267
19/06/2024 11:44,268
19/06/2024 11:49,270
19/06/2024 11:54,273
19/06/2024 11:59,274
19/06/2024 12:04,275
19/06/2024 12:09,276
19/06/2024 12:14,278
19/06/2024 12:19,280
19/06/2024 12:24,281
19/06/2024 12:29,282
19/06/2024 12:34,282
19/06/2024 12:39,283
19/06/2024 12:44,285
19/06/2024 12:49,284
19/06/2024 12:54,284
19/06/2024 12:59,285
19/06/2024 13:04,287
19/06/2024 13:09,286
19/06/2024 13:14,284
19/06/2024 13:19,284
19/06/2024 13:24,285
19/06/2024 13:29,284
19/06/2024 13:34,282
19/06/2024 13:39,282
19/06/2024 13:44,282
19/06/2024 13:49,281
19/06/2024 13:54,279
19/06/2024 13:59,278
19/06/2024 14:04,278
19/06/2024 14:09,277
19/06/2024 14:14,276
19/06/2024 14:19,275
19/06/2024 14:24,274
19/06/2024 14:29,273
19/06/2024 14:34,272
19/06/2024 14:39,271
19/06/2024 14:44,270
19/06/2024 14:49,269
19/06/2024 14:54,268
19/06/2024 14:59,268
19/06/2024 15:04,267
19/06/2024 15:09,267
19/06/2024 15:14,266
19/06/2024 15:19,266
19/06/2024 15:24,266
19/06/2024 15:29,267
19/06/2024 15:34,267
19/06/2024 15:39,268
19/06/2024 15:44,268
19/06/2024 15:49,269
19/06/2024 15:54,270
19/06/2024 15:59,272
19/06/2024 16:04,274
19/06/2024 16:09,276
19/06/2024 16:14,277
19/06/2024 16:19,280
19/06/2024 16:24,282
19/06/2024 16:29,285
19/06/2024 16:34,287
19/06/2024 16:39,291
19/06/2024 16:44,293
19/06/2024 16:49,298
19/06/2024 16:54,303
19/06/2024 16:59,303
19/06/2024 17:04,311
19/06/2024 17:09,310
19/06/2024 17:14,316
19/06/2024 17:19,320
19/06/2024 17:24,328
19/06/2024 17:29,335
19/06/2024 17:34,334
19/06/2024 17:39,345
19/06/2024 17:44,351
19/06/2024 17:49,352
19/06/2024 17:54,365
19/06/2024 17:59,371
19/06/2024 18:04,366
19/06/2024 18:09,377
19/06/2024 18:14,375
19/06/2024 18:19,388
19/06/2024 18:24,383
19/06/2024 18:29,394
19/06/2024 18:34,407
19/06/2024 18:39,407
19/06/2024 18:44,415
19/06/2024 18:49,425
19/06/2024 18:54,411
19/06/2024 18:59,421
19/06/2024 19:04,427
19/06/2024 19:09,436
19/06/2024 19:14,442
19/06/2024 19:19,439
19/06/2024 19:24,442
19/06/2024 19:29,444
19/06/2024 19:34,472
19/06/2024 19:39,467
19/06/2024 19:44,453
19/06/2024 19:49,472
19/06/2024 19:54,466
19/06/2024 19:59,456
19/06/2024 20:04,470
19/06/2024 20:09,478
19/06/2024 20:14,447
19/06/2024 20:19,476
19/06/2024 20:24,499
19/06/2024 20:29,481
19/06/2024 20:34,481
19/06/2024 20:39,476
19/06/2024 20:44,460
19/06/2024 20:49,462
19/06/2024 20:54,456
19/06/2024 20:59,477
19/06/2024 21:04,446
19/06/2024 21:09,471
19/06/2024 21:14,451
19/06/2024 21:19,445
19/06/2024 21:24,452
19/06/2024 21:29,444
19/06/2024 21:34,418
19/06/2024 21:39,409
19/06/2024 21:44,423
19/06/2024 21:49,419
19/06/2024 21:54,413
19/06/2024 21:59,399
19/06/2024 22:04,391
19/06/2024 22:09,401
19/06/2024 22:14,392
19/06/2024 22:19,382
19/06/2024 22:24,372
19/06/2024 22:29,364
19/06/2024 22:34,358
19/06/2024 22:39,359
19/06/2024 22:44,337
19/06/2024 22:49,336
19/06/2024 22:54,332
19/06/2024 22:59,317
19/06/2024 23:04,312
19/06/2024 23:09,309
19/06/2024 23:14,301
19/06/2024 23:19,292
19/06/2024 23:24,287
19/06/2024 23:29,281
19/06/2024 23:34,275
19/06/2024 23:39,268
19/06/2024 23:44,263
19/06/2024 23:49,257
19/06/2024 23:54,251
19/06/2024 23:59,246
20/06/2024 00:04,241
20/06/2024 00:09,232
20/06/2024 00:14,233
20/06/2024 00:19,231
20/06/2024 00:24,227
20/06/2024 00:29,221
20/06/2024 00:34,219
20/06/2024 00:39,216
20/06/2024 00:44,209
20/06/2024 00:49,210
20/06/2024 00:54,214
20/06/2024 00:59,207
20/06/2024 01:04,209
20/06/2024 01:09,208
20/06/2024 01:14,203
20/06/2024 01:19,206
20/06/2024 01:24,208
20/06/2024 01:29,207
20/06/2024 01:34,206
20/06/2024 01:39,208
20/06/2024 01:44,206
20/06/2024 01:49,213
20/06/2024 01:54,215
20/06/2024 01:59,221
20/06/2024 02:04,218
20/06/2024 02:09,224
20/06/2024 02:14,227
20/06/2024 02:19,227
20/06/2024 02:24,234
20/06/2024 02:29,236
20/06/2024 02:34,239
20/06/2024 02:39,244
20/06/2024 02:44,247
20/06/2024 02:49,253
20/06/2024 02:54,257
20/06/2024 02:59,261
20/06/2024 03:04,266
20/06/2024 03:09,270
20/06/2024 03:14,275
20/06/2024 03:19,278
20/06/2024 03:24,284
20/06/2024 03:29,289
20/06/2024 03:34,294
20/06/2024 03:39,295
20/06/2024 03:44,302
20/06/2024 03:49,305
20/06/2024 03:54,310
20/06/2024 03:59,310
20/06/2024 04:04,312
20/06/2024 04:09,322
20/06/2024 04:14,321
20/06/2024 04:19,326
20/06/2024 04:24,329
20/06/2024 04:29,329
20/06/2024 04:34,329
20/06/2024 04:39,332
20/06/2024 04:44,335
20/06/2024 04:49,339
20/06/2024 04:54,336
20/06/2024 04:59,333
20/06/2024 05:04,341
20/06/2024 05:09,339
20/06/2024 05:14,340
20/06/2024 05:19,343
20/06/2024 05:24,340
20/06/2024 05:29,340
20/06/2024 05:34,339
20/06/2024 05:39,333
20/06/2024 05:44,334
20/06/2024 05:49,330
20/06/2024 05:54,328
20/06/2024 05:59,333
20/06/2024 06:04,332
20/06/2024 06:09,324
20/06/2024 06:14,325
20/06/2024 06:19,320
20/06/2024 06:24,320
20/06/2024 06:29,315
20/06/2024 06:34,309
20/06/2024 06:39,308
20/06/2024 06:44,302
20/06/2024 06:49,300
20/06/2024 06:54,296
20/06/2024 06:59,294
20/06/2024 07:04,289
20/06/2024 07:09,285
20/06/2024 07:14,282
20/06/2024 07:19,279
20/06/2024 07:24,274
20/06/2024 07:29,270
20/06/2024 07:34,267
20/06/2024 07:39,263
20/06/2024 07:44,260
20/06/2024 07:49,257
20/06/2024 07:54,254
20/06/2024 07:59,250
20/06/2024 08:04,246
20/06/2024 08:09,244
20/06/2024 08:14,242
20/06/2024 08:19,240
20/06/2024 08:24,235
20/06/2024 08:29,234
20/06/2024 08:34,233
20/06/2024 08:39,229
20/06/2024 08:44,228
20/06/2024 08:49,231
20/06/2024 08:54,225
20/06/2024 08:59,227
20/06/2024 09:04,222
20/06/2024 09:09,223
20/06/2024 09:14,227
20/06/2024 09:19,223
20/06/2024 09:24,226
20/06/2024 09:29,221
20/06/2024 09:34,223
20/06/2024 09:39,221
20/06/2024 09:44,226
20/06/2024 09:49,227
20/06/2024 09:54,222
20/06/2024 09:59,227
20/06/2024 10:04,226
20/06/2024 10:09,227
20/06/2024 10:14,232
20/06/2024 10:19,232
20/06/2024 10:24,234
20/06/2024 10:29,237
20/06/2024 10:34,242
20/06/2024 10:39,239
20/06/2024 10:44,242
20/06/2024 10:49,246
20/06/2024 10:54,248
20/06/2024 10:59,249
20/06/2024 11:04,250
20/06/2024 11:09,253
20/06/2024 11:14,255
20/06/2024 11:19,258
20/06/2024 11:24,260
20/06/2024 11:29,262
20/06/2024 11:34,264
20/06/2024 11:39,267
20/06/2024 11:44,268
20/06/2024 11:49,271
20/06/2024 11:54,272
20/06/2024 11:59,274
20/06/2024 12:04,275
20/06/2024 12:09,277
20/06/2024 12:14,279
20/06/2024 12:19,280
20/06/2024 12:24,280
20/06/2024 12:29,282
20/06/2024 12:34,284
20/06/2024 12:39,284
20/06/2024 12:44,283
20/06/2024 12:49,284
20/06/2024 12:54,285
20/06/2024 12:59,285
20/06/2024 13:04,284
20/06/2024 13:09,285
20/06/2024 13:14,287
20/06/2024 13:19,285
20/06/2024 13:24,283
20/06/2024 13:29,284
20/06/2024 13:34,283
20/06/2024 13:39,284
20/06/2024 13:44,283
20/06/2024 13:49,280
20/06/2024 13:54,278
20/06/2024 13:59,279
20/06/2024 14:04,278
20/06/2024 14:09,276
20/06/2024 14:14,275
20/06/2024 14:19,274
20/06/2024 14:24,273
20/06/2024 14:29,272
20/06/2024 14:34,271
20/06/2024 14:39,271
20/06/2024 14:44,270
20/06/2024 14:49,269
20/06/2024 14:54,268
20/06/2024 14:59,268
20/06/2024 15:04,267
20/06/2024 15:09,267
20/06/2024 15:14,266
20/06/2024 15:19,266
20/06/2024 15:24,266
20/06/2024 15:29,267
20/06/2024 15:34,267
20/06/2024 15:39,268
20/06/2024 15:44,268
20/06/2024 15:49,269
20/06/2024 15:54,270
20/06/2024 15:59,272
20/06/2024 16:04,274
20/06/2024 16:09,275
20/06/2024 16:14,277
20/06/2024 16:19,280
20/06/2024 16:24,282
20/06/2024 16:29,284
20/06/2024 16:34,287
20/06/2024 16:39,289
20/06/2024 16:44,294
20/06/2024 16:49,296
20/06/2024 16:54,301
20/06/2024 16:59,305
20/06/2024 17:04,315
20/06/2024 17:09,309
20/06/2024 17:14,313
20/06/2024 17:19,319
20/06/2024 17:24,326
20/06/2024 17:29,332
20/06/2024 17:34,340
20/06/2024 17:39,348
20/06/2024 17:44,351
20/06/2024 17:49,346
20/06/2024 17:54,356
20/06/2024 17:59,366
20/06/2024 18:04,368
20/06/2024 18:09,380
20/06/2024 18:14,384
20/06/2024 18:19,387
20/06/2024 18:24,393
20/06/2024 18:29,393
20/06/2024 18:34,395
20/06/2024 18:39,415
20/06/2024 18:44,413
20/06/2024 18:49,416
20/06/2024 18:54,423
20/06/2024 18:59,434
20/06/2024 19:04,430
20/06/2024 19:09,443
20/06/2024 19:14,442
20/06/2024 19:19,458
20/06/2024 19:24,449
20/06/2024 19:29,445
20/06/2024 19:34,464
20/06/2024 19:39,460
20/06/2024 19:44,471
20/06/2024 19:49,475
20/06/2024 19:54,472
20/06/2024 19:59,461
20/06/2024 20:04,450
20/06/2024 20:09,472
20/06/2024 20:14,474
20/06/2024 20:19,462
20/06/2024 20:24,485
20/06/2024 20:29,478
20/06/2024 20:34,479
20/06/2024 20:39,458
20/06/2024 20:44,471
20/06/2024 20:49,456
20/06/2024 20:54,469
20/06/2024 20:59,461
20/06/2024 21:04,457
20/06/2024 21:09,459
20/06/2024 21:14,451
20/06/2024 21:19,455
20/06/2024 21:24,436
20/06/2024 21:29,432
20/06/2024 21:34,422
20/06/2024 21:39,432
20/06/2024 21:44,422
20/06/2024 21:49,420
20/06/2024 21:54,415
20/06/2024 21:59,408
20/06/2024 22:04,393
20/06/2024 22:09,391
20/06/2024 22:14,377
20/06/2024 22:19,372
20/06/2024 22:24,367
20/06/2024 22:29,377
20/06/2024 22:34,359
20/06/2024 22:39,351
20/06/2024 22:44,352
20/06/2024 22:49,336
20/06/2024 22:54,329
20/06/2024 22:59,324
20/06/2024 23:04,317
20/06/2024 23:09,308
20/06/2024 23:14,302
20/06/2024 23:19,292
20/06/2024 23:24,288
20/06/2024 23:29,281
20/06/2024 23:34,275
20/06/2024 23:39,268
20/06/2024 23:44,262
20/06/2024 23:49,256
20/06/2024 23:54,252
20/06/2024 23:59,245
21/06/2024 00:04,244
21/06/2024 00:09,237
21/06/2024 00:14,231
21/06/2024 00:19,230
21/06/2024 00:24,230
21/06/2024 00:29,221
21/06/2024 00:34,218
21/06/2024 00:39,218
21/06/2024 00:44,210
21/06/2024 00:49,211
21/06/2024 00:54,211
21/06/2024 00:59,206
21/06/2024 01:04,203
21/06/2024 01:09,208
21/06/2024 01:14,209
21/06/2024 01:19,207
21/06/2024 01:24,207
21/06/2024 01:29,206
21/06/2024 01:34,212
21/06/2024 01:39,213
21/06/2024 01:44,209
21/06/2024 01:49,213
21/06/2024 01:54,216
21/06/2024 01:59,218
21/06/2024 02:04,219
21/06/2024 02:09,222
21/06/2024 02:14,227
21/06/2024 02:19,231
21/06/2024 02:24,232
21/06/2024 02:29,236
21/06/2024 02:34,239
21/06/2024 02:39,244
21/06/2024 02:44,249
21/06/2024 02:49,253
21/06/2024 02:54,257
21/06/2024 02:59,261
21/06/2024 03:04,266
21/06/2024 03:09,270
21/06/2024 03:14,276
21/06/2024 03:19,279
21/06/2024 03:24,284
21/06/2024 03:29,289
21/06/2024 03:34,289
21/06/2024 03:39,295
21/06/2024 03:44,300
21/06/2024 03:49,305
21/06/2024 03:54,310
21/06/2024 03:59,309
21/06/2024 04:04,317
21/06/2024 04:09,318
21/06/2024 04:14,321
21/06/2024 04:19,320
21/06/2024 04:24,327
21/06/2024 04:29,330
21/06/2024 04:34,333
21/06/2024 04:39,340
21/06/2024 04:44,332
21/06/2024 04:49,333
21/06/2024 04:54,338
21/06/2024 04:59,340
21/06/2024 05:04,336
21/06/2024 05:09,341
21/06/2024 05:14,343
21/06/2024 05:19,338
21/06/2024 05:24,338
21/06/2024 05:29,342
21/06/2024 05:34,339
21/06/2024 05:39,342
21/06/2024 05:44,335
21/06/2024 05:49,337
21/06/2024 05:54,334
21/06/2024 05:59,333
21/06/2024 06:04,328
21/06/2024 06:09,324
21/06/2024 06:14,320
21/06/2024 06:19,321
21/06/2024 06:24,318
21/06/2024 06:29,312
21/06/2024 06:34,316
21/06/2024 06:39,305
21/06/2024 06:44,300
21/06/2024 06:49,299
21/06/2024 06:54,294
21/06/2024 06:59,289
21/06/2024 07:04,287
21/06/2024 07:09,286
21/06/2024 07:14,281
21/06/2024 07:19,279
21/06/2024 07:24,274
21/06/2024 07:29,271
21/06/2024 07:34,267
21/06/2024 07:39,263
21/06/2024 07:44,260
21/06/2024 07:49,257
21/06/2024 07:54,254
21/06/2024 07:59,250
21/06/2024 08:04,246
21/06/2024 08:09,244
21/06/2024 08:14,243
21/06/2024 08:19,237
21/06/2024 08:24,238
21/06/2024 08:29,234
21/06/2024 08:34,231
21/06/2024 08:39,232
21/06/2024 08:44,232
21/06/2024 08:49,226
21/06/2024 08:54,223
21/06/2024 08:59,224
21/06/2024 09:04,227
21/06/2024 09:09,222
21/06/2024 09:14,225
21/06/2024 09:19,224
21/06/2024 09:24,223
21/06/2024 09:29,222
21/06/2024 09:34,222
21/06/2024 09:39,223
21/06/2024 09:44,224
21/06/2024 09:49,221
21/06/2024 09:54,225
21/06/2024 09:59,227
21/06/2024 10:04,231
21/06/2024 10:09,230
21/06/2024 10:14,234
21/06/2024 10:19,230
21/06/2024 10:24,236
21/06/2024 10:29,235
21/06/2024 10:34,237
21/06/2024 10:39,241
21/06/2024 10:44,242
21/06/2024 10:49,245
21/06/2024 10:54,246
21/06/2024 10:59,249
21/06/2024 11:04,251
21/06/2024 11:09,254
21/06/2024 11:14,256
21/06/2024 11:19,258
21/06/2024 11:24,260
21/06/2024 11:29,262
21/06/2024 11:34,264
21/06/2024 11:39,267
21/06/2024 11:44,269
21/06/2024 11:49,271
21/06/2024 11:54,273
21/06/2024 11:59,274
21/06/2024 12:04,276
21/06/2024 12:09,278
21/06/2024 12:14,278
21/06/2024 12:19,279
21/06/2024 12:24,281
21/06/2024 12:29,282
21/06/2024 12:34,282
21/06/2024 12:39,282
21/06/2024 12:44,285
21/06/2024 12:49,284
21/06/2024 12:54,284
21/06/2024 12:59,284
21/06/2024 13:04,285
21/06/2024 13:09,285
21/06/2024 13:14,284
21/06/2024 13:19,283
21/06/2024 13:24,284
21/06/2024 13:29,284
21/06/2024 13:34,284
21/06/2024 13:39,281
21/06/2024 13:44,281
21/06/2024 13:49,280
21/06/2024 13:54,281
21/06/2024 13:59,280
21/06/2024 14:04,278
21/06/2024 14:09,277
21/06/2024 14:14,275
21/06/2024 14:19,275
21/06/2024 14:24,274
21/06/2024 14:29,272
21/06/2024 14:34,272
21/06/2024 14:39,271
21/06/2024 14:44,270
21/06/2024 14:49,269
21/06/2024 14:54,268
21/06/2024 14:59,268
21/06/2024 15:04,267
21/06/2024 15:09,267
21/06/2024 15:14,266
21/06/2024 15:19,266
21/06/2024 15:24,266
21/06/2024 15:29,267
21/06/2024 15:34,267
21/06/2024 15:39,268
21/06/2024 15:44,268
21/06/2024 15:49,269
21/06/2024 15:54,270
21/06/2024 15:59,271
21/06/2024 16:04,273
21/06/2024 16:09,276
21/06/2024 16:14,277
21/06/2024 16:19,279
21/06/2024 16:24,282
21/06/2024 16:29,285
21/06/2024 16:34,288
21/06/2024 16:39,290
21/06/2024 16:44,293
21/06/2024 16:49,296
21/06/2024 16:54,299
21/06/2024 16:59,305
21/06/2024 17:04,312
21/06/2024 17:09,314
21/06/2024 17:14,315
21/06/2024 17:19,321
21/06/2024 17:24,326
21/06/2024 17:29,332
21/06/2024 17:34,340
21/06/2024 17:39,344
21/06/2024 17:44,341
21/06/2024 17:49,356
21/06/2024 17:54,350
21/06/2024 17:59,363
21/06/2024 18:04,374
21/06/2024 18:09,377
21/06/2024 18:14,375
21/06/2024 18:19,398
21/06/2024 18:24,394
21/06/2024 18:29,405
21/06/2024 18:34,399
21/06/2024 18:39,415
21/06/2024 18:44,427
21/06/2024 18:49,422
21/06/2024 18:54,417
21/06/2024 18:59,424
21/06/2024 19:04,428
21/06/2024 19:09,439
21/06/2024 19:14,443
21/06/2024 19:19,452
21/06/2024 19:24,439
21/06/2024 19:29,453
21/06/2024 19:34,453
21/06/2024 19:39,460
21/06/2024 19:44,471
21/06/2024 19:49,462
21/06/2024 19:54,481
21/06/2024 19:59,467
21/06/2024 20:04,477
21/06/2024 20:09,459
21/06/2024 20:14,473
21/06/2024 20:19,489
21/06/2024 20:24,470
21/06/2024 20:29,469
21/06/2024 20:34,473
21/06/2024 20:39,465
21/06/2024 20:44,477
21/06/2024 20:49,482
21/06/2024 20:54,471
21/06/2024 20:59,478
21/06/2024 21:04,457
21/06/2024 21:09,466
21/06/2024 21:14,444
21/06/2024 21:19,442
21/06/2024 21:24,440
21/06/2024 21:29,431
21/06/2024 21:34,442
21/06/2024 21:39,422
21/06/2024 21:44,424
21/06/2024 21:49,412
21/06/2024 21:54,395
21/06/2024 21:59,409
21/06/2024 22:04,403
21/06/2024 22:09,382
21/06/2024 22:14,388
21/06/2024 22:19,378
21/06/2024 22:24,367
21/06/2024 22:29,368
21/06/2024 22:34,349
21/06/2024 22:39,348
21/06/2024 22:44,343
21/06/2024 22:49,332
21/06/2024 22:54,324
21/06/2024 22:59,320
21/06/2024 23:04,316
21/06/2024 23:09,309
21/06/2024 23:14,301
21/06/2024 23:19,294
21/06/2024 23:24,285
21/06/2024 23:29,282
21/06/2024 23:34,275
21/06/2024 23:39,268
21/06/2024 23:44,262
21/06/2024 23:49,256
21/06/2024 23:54,251
21/06/2024 23:59,247
22/06/2024 00:04,240
22/06/2024 00:09,236
22/06/2024 00:14,231
22/06/2024 00:19,226
22/06/2024 00:24,224
22/06/2024 00:29,217
22/06/2024 00:34,217
22/06/2024 00:39,217
22/06/2024 00:44,212
22/06/2024 00:49,209
22/06/2024 00:54,210
22/06/2024 00:59,205
22/06/2024 01:04,209
22/06/2024 01:09,201
22/06/2024 01:14,203
22/06/2024 01:19,202
22/06/2024 01:24,204
22/06/2024 01:29,204
22/06/2024 01:34,211
22/06/2024 01:39,208
22/06/2024 01:44,208
22/06/2024 01:49,217
22/06/2024 01:54,213
22/06/2024 01:59,218
22/06/2024 02:04,221
22/06/2024 02:09,223
22/06/2024 02:14,225
22/06/2024 02:19,229
22/06/2024 02:24,232
22/06/2024 02:29,238
22/06/2024 02:34,242
22/06/2024 02:39,244
22/06/2024 02:44,249
22/06/2024 02:49,253
22/06/2024 02:54,258
22/06/2024 02:59,261
22/06/2024 03:04,266
22/06/2024 03:09,270
22/06/2024 03:14,276
22/06/2024 03:19,279
22/06/2024 03:24,283
22/06/2024 03:29,289
22/06/2024 03:34,291
22/06/2024 03:39,296
22/06/2024 03:44,299
22/06/2024 03:49,306
22/06/2024 03:54,306
22/06/2024 03:59,309
22/06/2024 04:04,313
22/06/2024 04:09,321
22/06/2024 04:14,322
22/06/2024 04:19,321
22/06/2024 04:24,322
22/06/2024 04:29,334
22/06/2024 04:34,330
22/06/2024 04:39,336
22/06/2024 04:44,334
22/06/2024 04:49,335
22/06/2024 04:54,340
22/06/2024 04:59,338
22/06/2024 05:04,339
22/06/2024 05:09,337
22/06/2024 05:14,335
22/06/2024 05:19,335
22/06/2024 05:24,346
22/06/2024 05:29,340
22/06/2024 05:34,343
22/06/2024 05:39,332
22/06/2024 05:44,340
22/06/2024 05:49,328
22/06/2024 05:54,328
22/06/2024 05:59,327
22/06/2024 06:04,328
22/06/2024 06:09,323
22/06/2024 06:14,325
22/06/2024 06:19,318
22/06/2024 06:24,311
22/06/2024 06:29,312
22/06/2024 06:34,311
22/06/2024 06:39,313
22/06/2024 06:44,304
22/06/2024 06:49,299
22/06/2024 06:54,296
22/06/2024 06:59,295
22/06/2024 07:04,290
22/06/2024 07:09,284
22/06/2024 07:14,282
22/06/2024 07:19,278
22/06/2024 07:24,274
22/06/2024 07:29,270
22/06/2024 07:34,267
22/06/2024 07:39,263
22/06/2024 07:44,260
22/06/2024 07:49,256
22/06/2024 07:54,252
22/06/2024 07:59,250
22/06/2024 08:04,247
22/06/2024 08:09,244
22/06/2024 08:14,241
22/06/2024 08:19,236
22/06/2024 08:24,237
22/06/2024 08:29,234
22/06/2024 08:34,230
22/06/2024 08:39,232
22/06/2024 08:44,227
22/06/2024 08:49,227
22/06/2024 08:54,228
22/06/2024 08:59,223
22/06/2024 09:04,222
22/06/2024 09:09,220
22/06/2024 09:14,220
22/06/2024 09:19,226
22/06/2024 09:24,221
22/06/2024 09:29,221
22/06/2024 09:34,221
22/06/2024 09:39,220
22/06/2024 09:44,227
22/06/2024 09:49,225
22/06/2024 09:54,226
22/06/2024 09:59,223
22/06/2024 10:04,229
22/06/2024 10:09,232
22/06/2024 10:14,230
22/06/2024 10:19,231
22/06/2024 10:24,234
22/06/2024 10:29,236
22/06/2024 10:34,238
22/06/2024 10:39,240
22/06/2024 10:44,243
22/06/2024 10:49,245
22/06/2024 10:54,247
22/06/2024 10:59,249
22/06/2024 11:04,251
22/06/2024 11:09,254
22/06/2024 11:14,256
22/06/2024 11:19,257
22/06/2024 11:24,260
22/06/2024 11:29,262
22/06/2024 11:34,264
22/06/2024 11:39,267
22/06/2024 11:44,268
22/06/2024 11:49,270
22/06/2024 11:54,272
22/06/2024 11:59,274
22/06/2024 12:04,276
22/06/2024 12:09,277
22/06/2024 12:14,280
22/06/2024 12:19,280
22/06/2024 12:24,281
22/06/2024 12:29,282
22/06/2024 12:34,283
22/06/2024 12:39,284
22/06/2024 12:44,284
22/06/2024 12:49,286
22/06/2024 12:54,285
22/06/2024 12:59,285
22/06/2024 13:04,285
22/06/2024 13:09,286
22/06/2024 13:14,285
22/06/2024 13:19,284
22/06/2024 13:24,283
22/06/2024 13:29,283
22/06/2024 13:34,282
22/06/2024 13:39,282
22/06/2024 13:44,283
22/06/2024 13:49,281
22/06/2024 13:54,280
22/06/2024 13:59,279
22/06/2024 14:04,277
22/06/2024 14:09,275
22/06/2024 14:14,276
22/06/2024 14:19,274
22/06/2024 14:24,274
22/06/2024 14:29,272
22/06/2024 14:34,271
22/06/2024 14:39,271
22/06/2024 14:44,270
22/06/2024 14:49,269
22/06/2024 14:54,268
22/06/2024 14:59,268
22/06/2024 15:04,267
22/06/2024 15:09,267
22/06/2024 15:14,266
22/06/2024 15:19,266
22/06/2024 15:24,266
22/06/2024 15:29,267
22/06/2024 15:34,267
22/06/2024 15:39,268
22/06/2024 15:44,268
22/06/2024 15:49,269
22/06/2024 15:54,270
22/06/2024 15:59,271
22/06/2024 16:04,272
22/06/2024 16:09,275
22/06/2024 16:14,277
22/06/2024 16:19,279
22/06/2024 16:24,280
22/06/2024 16:29,283
22/06/2024 16:34,288
22/06/2024 16:39,291
22/06/2024 16:44,294
22/06/2024 16:49,296
22/06/2024 16:54,303
22/06/2024 16:59,305
22/06/2024 17:04,311
22/06/2024 17:09,315
22/06/2024 17:14,313
22/06/2024 17:19,326
22/06/2024 17:24,326
22/06/2024 17:29,333
22/06/2024 17:34,327
22/06/2024 17:39,346
22/06/2024 17:44,339
22/06/2024 17:49,354
22/06/2024 17:54,350
22/06/2024 17:59,362
22/06/2024 18:04,370
22/06/2024 18:09,374
22/06/2024 18:14,378
22/06/2024 18:19,395
22/06/2024 18:24,398
22/06/2024 18:29,401
22/06/2024 18:34,409
22/06/2024 18:39,409
22/06/2024 18:44,411
22/06/2024 18:49,426
22/06/2024 18:54,436
22/06/2024 18:59,424
22/06/2024 19:04,436
22/06/2024 19:09,444
22/06/2024 19:14,458
22/06/2024 19:19,449
22/06/2024 19:24,440
22/06/2024 19:29,439
22/06/2024 19:34,458
22/06/2024 19:39,471
22/06/2024 19:44,478
22/06/2024 19:49,462
22/06/2024 19:54,456
22/06/2024 19:59,479
22/06/2024 20:04,474
22/06/2024 20:09,488
22/06/2024 20:14,475
22/06/2024 20:19,469
22/06/2024 20:24,489
22/06/2024 20:29,474
22/06/2024 20:34,484
22/06/2024 20:39,470
22/06/2024 20:44,463
22/06/2024 20:49,491
22/06/2024 20:54,471
22/06/2024 20:59,443
22/06/2024 21:04,465
22/06/2024 21:09,456
22/06/2024 21:14,458
22/06/2024 21:19,443
22/06/2024 21:24,442
22/06/2024 21:29,422
22/06/2024 21:34,426
22/06/2024 21:39,419
22/06/2024 21:44,427
22/06/2024 21:49,410
22/06/2024 21:54,411
22/06/2024 21:59,409
22/06/2024 22:04,399
22/06/2024 22:09,381
22/06/2024 22:14,381
22/06/2024 22:19,378
22/06/2024 22:24,377
22/06/2024 22:29,361
22/06/2024 22:34,360
22/06/2024 22:39,360
22/06/2024 22:44,348
22/06/2024 22:49,341
22/06/2024 22:54,330
22/06/2024 22:59,323
22/06/2024 23:04,313
22/06/2024 23:09,309
22/06/2024 23:14,300
22/06/2024 23:19,294
22/06/2024 23:24,288
22/06/2024 23:29,281
22/06/2024 23:34,275
22/06/2024 23:39,268
22/06/2024 23:44,262
22/06/2024 23:49,257
22/06/2024 23:54,250
22/06/2024 23:59,248
23/06/2024 00:04,242
23/06/2024 00:09,236
23/06/2024 00:14,235
23/06/2024 00:19,230
23/06/2024 00:24,222
23/06/2024 00:29,221
23/06/2024 00:34,220
23/06/2024 00:39,216
23/06/2024 00:44,208
23/06/2024 00:49,213
23/06/2024 00:54,211
23/06/2024 00:59,214
23/06/2024 01:04,209
23/06/2024 01:09,204
23/06/2024 01:14,206
23/06/2024 01:19,206
23/06/2024 01:24,206
23/06/2024 01:29,203
23/06/2024 01:34,207
23/06/2024 01:39,211
23/06/2024 01:44,209
23/06/2024 01:49,218
23/06/2024 01:54,213
23/06/2024 01:59,217
23/06/2024 02:04,223
23/06/2024 02:09,223
23/06/2024 02:14,227
23/06/2024 02:19,227
23/06/2024 02:24,235
23/06/2024 02:29,239
23/06/2024 02:34,242
23/06/2024 02:39,245
23/06/2024 02:44,249
23/06/2024 02:49,253
23/06/2024 02:54,257
23/06/2024 02:59,262
23/06/2024 03:04,266
23/06/2024 03:09,270
23/06/2024 03:14,275
23/06/2024 03:19,278
23/06/2024 03:24,281
23/06/2024 03:29,288
23/06/2024 03:34,290
23/06/2024 03:39,297
23/06/2024 03:44,299
23/06/2024 03:49,303
23/06/2024 03:54,306
23/06/2024 03:59,310
23/06/2024 04:04,309
23/06/2024 04:09,315
23/06/2024 04:14,318
23/06/2024 04:19,322
23/06/2024 04:24,327
23/06/2024 04:29,331
23/06/2024 04:34,331
23/06/2024 04:39,336
23/06/2024 04:44,334
23/06/2024 04:49,336
23/06/2024 04:54,335
23/06/2024 04:59,336
23/06/2024 05:04,341
23/06/2024 05:09,341
23/06/2024 05:14,338
23/06/2024 05:19,336
23/06/2024 05:24,337
23/06/2024 05:29,342
23/06/2024 05:34,339
23/06/2024 05:39,335
23/06/2024 05:44,337
23/06/2024 05:49,336
23/06/2024 05:54,329
23/06/2024 05:59,330
23/06/2024 06:04,327
23/06/2024 06:09,323
23/06/2024 06:14,325
23/06/2024 06:19,318
23/06/2024 06:24,319
23/06/2024 06:29,317
23/06/2024 06:34,308
23/06/2024 06:39,307
23/06/2024 06:44,303
23/06/2024 06:49,301
23/06/2024 06:54,298
23/06/2024 06:59,292
23/06/2024 07:04,287
23/06/2024 07:09,285
23/06/2024 07:14,281
23/06/2024 07:19,279
23/06/2024 07:24,274
23/06/2024 07:29,271
23/06/2024 07:34,267
23/06/2024 07:39,263
23/06/2024 07:44,260
23/06/2024 07:49,256
23/06/2024 07:54,253
23/06/2024 07:59,249
23/06/2024 08:04,247
23/06/2024 08:09,246
23/06/2024 08:14,241
23/06/2024 08:19,239
23/06/2024 08:24,236
23/06/2024 08:29,236
23/06/2024 08:34,230
23/06/2024 08:39,229
23/06/2024 08:44,229
23/06/2024 08:49,229
23/06/2024 08:54,227
23/06/2024 08:59,227
23/06/2024 09:04,220
23/06/2024 09:09,224
23/06/2024 09:14,223
23/06/2024 09:19,219
23/06/2024 09:24,224
23/06/2024 09:29,222
23/06/2024 09:34,222
23/06/2024 09:39,225
23/06/2024 09:44,222
23/06/2024 09:49,223
23/06/2024 09:54,227
23/06/2024 09:59,224
23/06/2024 10:04,229
23/06/2024 10:09,231
23/06/2024 10:14,230
23/06/2024 10:19,233
23/06/2024 10:24,234
23/06/2024 10:29,238
23/06/2024 10:34,238
23/06/2024 10:39,239
23/06/2024 10:44,244
23/06/2024 10:49,246
23/06/2024 10:54,246
23/06/2024 10:59,251
23/06/2024 11:04,252
23/06/2024 11:09,254
23/06/2024 11:14,257
23/06/2024 11:19,258
23/06/2024 11:24,260
23/06/2024 11:29,262
23/06/2024 11:34,264
23/06/2024 11:39,267
23/06/2024 11:44,268
23/06/2024 11:49,271
23/06/2024 11:54,272
23/06/2024 11:59,274
23/06/2024 12:04,276
23/06/2024 12:09,277
23/06/2024 12:14,278
23/06/2024 12:19,280
23/06/2024 12:24,280
23/06/2024 12:29,281
23/06/2024 12:34,283
23/06/2024 12:39,284
23/06/2024 12:44,283
23/06/2024 12:49,285
23/06/2024 12:54,284
23/06/2024 12:59,285
23/06/2024 13:04,285
23/06/2024 13:09,284
23/06/2024 13:14,283
23/06/2024 13:19,284
23/06/2024 13:24,283
23/06/2024 13:29,284
23/06/2024 13:34,283
23/06/2024 13:39,282
23/06/2024 13:44,281
23/06/2024 13:49,280
23/06/2024 13:54,280
23/06/2024 13:59,279
23/06/2024 14:04,277
23/06/2024 14:09,276
23/06/2024 14:14,276
23/06/2024 14:19,274
23/06/2024 14:24,273
23/06/2024 14:29,273
23/06/2024 14:34,271
23/06/2024 14:39,271
23/06/2024 14:44,270
23/06/2024 14:49,269
23/06/2024 14:54,268
23/06/2024 14:59,268
23/06/2024 15:04,267
23/06/2024 15:09,267
23/06/2024 15:14,266
23/06/2024 15:19,266
23/06/2024 15:24,266
23/06/2024 15:29,267
23/06/2024 15:34,267
23/06/2024 15:39,268
23/06/2024 15:44,268
23/06/2024 15:49,269
23/06/2024 15:54,270
23/06/2024 15:59,272
23/06/2024 16:04,273
23/06/2024 16:09,274
23/06/2024 16:14,277
23/06/2024 16:19,278
23/06/2024 16:24,281
23/06/2024 16:29,283
23/06/2024 16:34,287
23/06/2024 16:39,289
23/06/2024 16:44,293
23/06/2024 16:49,298
23/06/2024 16:54,300
23/06/2024 16:59,306
23/06/2024 17:04,312
23/06/2024 17:09,309
23/06/2024 17:14,323
23/06/2024 17:19,333
23/06/2024 17:24,329
23/06/2024 17:29,331
23/06/2024 17:34,340
23/06/2024 17:39,348
23/06/2024 17:44,351
23/06/2024 17:49,352
23/06/2024 17:54,362
23/06/2024 17:59,376
23/06/2024 18:04,372
23/06/2024 18:09,382
23/06/2024 18:14,388
23/06/2024 18:19,387
23/06/2024 18:24,390
23/06/2024 18:29,397
23/06/2024 18:34,405
23/06/2024 18:39,408
23/06/2024 18:44,411
23/06/2024 18:49,398
23/06/2024 18:54,423
23/06/2024 18:59,428
23/06/2024 19:04,426
23/06/2024 19:09,436
23/06/2024 19:14,445
23/06/2024 19:19,440
23/06/2024 19:24,447
23/06/2024 19:29,468
23/06/2024 19:34,439
23/06/2024 19:39,453
23/06/2024 19:44,451
23/06/2024 19:49,479
23/06/2024 19:54,473
23/06/2024 19:59,458
23/06/2024 20:04,455
23/06/2024 20:09,461
23/06/2024 20:14,485
23/06/2024 20:19,479
23/06/2024 20:24,473
23/06/2024 20:29,475
23/06/2024 20:34,470
23/06/2024 20:39,472
23/06/2024 20:44,470
23/06/2024 20:49,467
23/06/2024 20:54,468
23/06/2024 20:59,456
23/06/2024 21:04,458
23/06/2024 21:09,481
23/06/2024 21:14,444
23/06/2024 21:19,447
23/06/2024 21:24,442
23/06/2024 21:29,449
23/06/2024 21:34,437
23/06/2024 21:39,445
23/06/2024 21:44,414
23/06/2024 21:49,423
23/06/2024 21:54,415
23/06/2024 21:59,409
23/06/2024 22:04,401
23/06/2024 22:09,385
23/06/2024 22:14,387
23/06/2024 22:19,372
23/06/2024 22:24,366
23/06/2024 22:29,369
23/06/2024 22:34,362
23/06/2024 22:39,350
23/06/2024 22:44,340
23/06/2024 22:49,338
23/06/2024 22:54,329
23/06/2024 22:59,321
23/06/2024 23:04,317
23/06/2024 23:09,308
23/06/2024 23:14,301
23/06/2024 23:19,293
23/06/2024 23:24,286
23/06/2024 23:29,279
23/06/2024 23:34,275
23/06/2024 23:39,268
23/06/2024 23:44,263
23/06/2024 23:49,256
23/06/2024 23:54,250
23/06/2024 23:59,243
24/06/2024 00:04,239
24/06/2024 00:09,238
24/06/2024 00:14,233
24/06/2024 00:19,230
24/06/2024 00:24,227
24/06/2024 00:29,223
24/06/2024 00:34,218
24/06/2024 00:39,217
24/06/2024 00:44,212
24/06/2024 00:49,210
24/06/2024 00:54,211
24/06/2024 00:59,209
24/06/2024 01:04,202
24/06/2024 01:09,210
24/06/2024 01:14,211
24/06/2024 01:19,206
24/06/2024 01:24,206
24/06/2024 01:29,210
24/06/2024 01:34,203
24/06/2024 01:39,209
24/06/2024 01:44,211
24/06/2024 01:49,216
24/06/2024 01:54,212
24/06/2024 01:59,216
24/06/2024 02:04,220
24/06/2024 02:09,223
24/06/2024 02:14,227
24/06/2024 02:19,230
24/06/2024 02:24,233
24/06/2024 02:29,236
24/06/2024 02:34,240
24/06/2024 02:39,242
24/06/2024 02:44,247
24/06/2024 02:49,253
24/06/2024 02:54,257
24/06/2024 02:59,262
24/06/2024 03:04,266
24/06/2024 03:09,270
24/06/2024 03:14,275
24/06/2024 03:19,278
24/06/2024 03:24,282
24/06/2024 03:29,288
24/06/2024 03:34,292
24/06/2024 03:39,296
24/06/2024 03:44,299
24/06/2024 03:49,304
24/06/2024 03:54,308
24/06/2024 03:59,311
24/06/2024 04:04,316
24/06/2024 04:09,320
24/06/2024 04:14,322
24/06/2024 04:19,328
24/06/2024 04:24,321
24/06/2024 04:29,332
24/06/2024 04:34,330
24/06/2024 04:39,334
24/06/2024 04:44,331
24/06/2024 04:49,338
24/06/2024 04:54,340
24/06/2024 04:59,329
24/06/2024 05:04,335
24/06/2024 05:09,335
24/06/2024 05:14,339
24/06/2024 05:19,339
24/06/2024 05:24,334
24/06/2024 05:29,346
24/06/2024 05:34,333
24/06/2024 05:39,333
24/06/2024 05:44,334
24/06/2024 05:49,331
24/06/2024 05:54,333
24/06/2024 05:59,333
24/06/2024 06:04,327
24/06/2024 06:09,322
24/06/2024 06:14,324
24/06/2024 06:19,319
24/06/2024 06:24,317
24/06/2024 06:29,316
24/06/2024 06:34,308
24/06/2024 06:39,306
24/06/2024 06:44,305
24/06/2024 06:49,304
24/06/2024 06:54,295
24/06/2024 06:59,293
24/06/2024 07:04,290
24/06/2024 07:09,285
24/06/2024 07:14,281
24/06/2024 07:19,277
24/06/2024 07:24,274
24/06/2024 07:29,271
24/06/2024 07:34,267
24/06/2024 07:39,264
24/06/2024 07:44,260
24/06/2024 07:49,257
24/06/2024 07:54,252
24/06/2024 07:59,250
24/06/2024 08:04,249
24/06/2024 08:09,243
24/06/2024 08:14,241
24/06/2024 08:19,238
24/06/2024 08:24,236
24/06/2024 08:29,234
24/06/2024 08:34,231
24/06/2024 08:39,229
24/06/2024 08:44,225
24/06/2024 08:49,226
24/06/2024 08:54,224
24/06/2024 08:59,227
24/06/2024 09:04,224
24/06/2024 09:09,224
24/06/2024 09:14,225
24/06/2024 09:19,222
24/06/2024 09:24,222
24/06/2024 09:29,219
24/06/2024 09:34,225
24/06/2024 09:39,220
24/06/2024 09:44,224
24/06/2024 09:49,219
24/06/2024 09:54,225
24/06/2024 09:59,227
24/06/2024 10:04,229
24/06/2024 10:09,228
24/06/2024 10:14,229
24/06/2024 10:19,231
24/06/2024 10:24,236
24/06/2024 10:29,236
24/06/2024 10:34,239
24/06/2024 10:39,241
24/06/2024 10:44,244
24/06/2024 10:49,244
24/06/2024 10:54,247
24/06/2024 10:59,248
24/06/2024 11:04,251
24/06/2024 11:09,253
24/06/2024 11:14,256
24/06/2024 11:19,258
24/06/2024 11:24,260
24/06/2024 11:29,262
24/06/2024 11:34,264
24/06/2024 11:39,267
24/06/2024 11:44,269
24/06/2024 11:49,270
24/06/2024 11:54,272
24/06/2024 11:59,274
24/06/2024 12:04,275
24/06/2024 12:09,277
24/06/2024 12:14,279
24/06/2024 12:19,280
24/06/2024 12:24,280
24/06/2024 12:29,282
24/06/2024 12:34,283
24/06/2024 12:39,283
24/06/2024 12:44,285
24/06/2024 12:49,283
24/06/2024 12:54,285
24/06/2024 12:59,283
24/06/2024 13:04,284
24/06/2024 13:09,285
24/06/2024 13:14,284
24/06/2024 13:19,283
24/06/2024 13:24,284
24/06/2024 13:29,285
24/06/2024 13:34,284
24/06/2024 13:39,282
24/06/2024 13:44,281
24/06/2024 13:49,280
24/06/2024 13:54,280
24/06/2024 13:59,279
24/06/2024 14:04,278
24/06/2024 14:09,276
24/06/2024 14:14,276
24/06/2024 14:19,274
24/06/2024 14:24,274
24/06/2024 14:29,272
24/06/2024 14:34,272
24/06/2024 14:39,271
24/06/2024 14:44,270
24/06/2024 14:49,269
24/06/2024 14:54,268
24/06/2024 14:59,268
24/06/2024 15:04,267
24/06/2024 15:09,267
24/06/2024 15:14,266
24/06/2024 15:19,266
24/06/2024 15:24,266
24/06/2024 15:29,267
24/06/2024 15:34,267
24/06/2024 15:39,267
24/06/2024 15:44,268
24/06/2024 15:49,269
24/06/2024 15:54,270
24/06/2024 15:59,272
24/06/2024 16:04,273
24/06/2024 16:09,275
24/06/2024 16:14,278
24/06/2024 16:19,280
24/06/2024 16:24,283
24/06/2024 16:29,285
24/06/2024 16:34,289
24/06/2024 16:39,288
24/06/2024 16:44,296
24/06/2024 16:49,297
24/06/2024 16:54,300
24/06/2024 16:59,308
24/06/2024 17:04,310
24/06/2024 17:09,315
24/06/2024 17:14,319
24/06/2024 17:19,319
24/06/2024 17:24,327
24/06/2024 17:29,337
24/06/2024 17:34,334
24/06/2024 17:39,345
24/06/2024 17:44,347
24/06/2024 17:49,352
24/06/2024 17:54,357
24/06/2024 17:59,366
24/06/2024 18:04,376
24/06/2024 18:09,362
24/06/2024 18:14,383
24/06/2024 18:19,383
24/06/2024 18:24,389
24/06/2024 18:29,399
24/06/2024 18:34,400
24/06/2024 18:39,419
24/06/2024 18:44,407
24/06/2024 18:49,416
24/06/2024 18:54,430
24/06/2024 18:59,429
24/06/2024 19:04,428
24/06/2024 19:09,441
24/06/2024 19:14,439
24/06/2024 19:19,449
24/06/2024 19:24,443
24/06/2024 19:29,467
24/06/2024 19:34,459
24/06/2024 19:39,455
24/06/2024 19:44,469
24/06/2024 19:49,486
24/06/2024 19:54,469
24/06/2024 19:59,460
24/06/2024 20:04,482
24/06/2024 20:09,476
24/06/2024 20:14,469
24/06/2024 20:19,467
24/06/2024 20:24,457
24/06/2024 20:29,461
24/06/2024 20:34,467
24/06/2024 20:39,449
24/06/2024 20:44,446
24/06/2024 20:49,460
24/06/2024 20:54,463
24/06/2024 20:59,460
24/06/2024 21:04,464
24/06/2024 21:09,453
24/06/2024 21:14,449
24/06/2024 21:19,445
24/06/2024 21:24,441
24/06/2024 21:29,440
24/06/2024 21:34,422
24/06/2024 21:39,421
24/06/2024 21:44,420
24/06/2024 21:49,418
24/06/2024 21:54,404
24/06/2024 21:59,403
24/06/2024 22:04,392
24/06/2024 22:09,396
24/06/2024 22:14,383
24/06/2024 22:19,379
24/06/2024 22:24,367
24/06/2024 22:29,368
24/06/2024 22:34,368
24/06/2024 22:39,359
24/06/2024 22:44,341
24/06/2024 22:49,342
24/06/2024 22:54,326
24/06/2024 22:59,320
24/06/2024 23:04,321
24/06/2024 23:09,306
24/06/2024 23:14,302
24/06/2024 23:19,294
24/06/2024 23:24,287
24/06/2024 23:29,280
24/06/2024 23:34,275
24/06/2024 23:39,268
24/06/2024 23:44,262
24/06/2024 23:49,257
24/06/2024 23:54,251
24/06/2024 23:59,245
